,Name,Age,Gender,Race
7947,13_1_0_20170109214314841.jpg.chip.jpg,13.0,1.0,0.0
6982,25_1_3_20170117151149187.jpg.chip.jpg,25.0,1.0,3.0
17440,90_0_0_20170111223757607.jpg.chip.jpg,90.0,0.0,0.0
15379,22_0_0_20170116201355808.jpg.chip.jpg,22.0,0.0,0.0
2606,63_0_0_20170117195022504.jpg.chip.jpg,63.0,0.0,0.0
366,90_0_1_20170111223916765.jpg.chip.jpg,90.0,0.0,1.0
4800,6_1_1_20170103223434927.jpg.chip.jpg,6.0,1.0,1.0
17017,53_0_0_20170109010238192.jpg.chip.jpg,53.0,0.0,0.0
3372,42_0_0_20170117185637738.jpg.chip.jpg,42.0,0.0,0.0
23360,57_0_0_20170117172532619.jpg.chip.jpg,57.0,0.0,0.0
16451,20_1_4_20170103223117967.jpg.chip.jpg,20.0,1.0,4.0
17354,20_1_2_20170104020257804.jpg.chip.jpg,20.0,1.0,2.0
15362,6_1_0_20170109201925765.jpg.chip.jpg,6.0,1.0,0.0
1272,32_1_1_20170115235041750.jpg.chip.jpg,32.0,1.0,1.0
20425,35_0_0_20170104203145138.jpg.chip.jpg,35.0,0.0,0.0
1700,1_0_2_20170109191125532.jpg.chip.jpg,1.0,0.0,2.0
23192,7_1_0_20170109204556280.jpg.chip.jpg,7.0,1.0,0.0
6967,8_1_3_20170104221828238.jpg.chip.jpg,8.0,1.0,3.0
10301,80_0_0_20170110183557670.jpg.chip.jpg,80.0,0.0,0.0
14057,40_0_0_20170111181750378.jpg.chip.jpg,40.0,0.0,0.0
11631,30_0_1_20170113134204447.jpg.chip.jpg,30.0,0.0,1.0
15139,36_0_0_20170105170234235.jpg.chip.jpg,36.0,0.0,0.0
1435,43_1_1_20170117155119604.jpg.chip.jpg,43.0,1.0,1.0
17618,75_0_1_20170111200107131.jpg.chip.jpg,75.0,0.0,1.0
75,36_0_0_20170117140152744.jpg.chip.jpg,36.0,0.0,0.0
10282,57_0_0_20170111171747487.jpg.chip.jpg,57.0,0.0,0.0
6430,8_0_4_20170117133054476.jpg.chip.jpg,8.0,0.0,4.0
3058,26_1_0_20170116153823864.jpg.chip.jpg,26.0,1.0,0.0
7065,1_1_0_20161219203021180.jpg.chip.jpg,1.0,1.0,0.0
18296,48_0_0_20170105172432012.jpg.chip.jpg,48.0,0.0,0.0
15111,2_0_3_20161219225453639.jpg.chip.jpg,2.0,0.0,3.0
10572,6_1_4_20170104010006062.jpg.chip.jpg,6.0,1.0,4.0
5300,15_0_0_20170110223430616.jpg.chip.jpg,15.0,0.0,0.0
5838,28_1_1_20170114031123751.jpg.chip.jpg,28.0,1.0,1.0
22375,21_0_3_20170119155412162.jpg.chip.jpg,21.0,0.0,3.0
7526,27_0_0_20170120220108816.jpg.chip.jpg,27.0,0.0,0.0
16854,54_0_2_20170117171429994.jpg.chip.jpg,54.0,0.0,2.0
17345,65_0_1_20170117182422917.jpg.chip.jpg,65.0,0.0,1.0
6944,52_0_3_20170104220727902.jpg.chip.jpg,52.0,0.0,3.0
18052,55_0_2_20170112223845572.jpg.chip.jpg,55.0,0.0,2.0
22635,75_0_0_20170111210708463.jpg.chip.jpg,75.0,0.0,0.0
8039,38_0_2_20170104205949499.jpg.chip.jpg,38.0,0.0,2.0
16378,59_0_0_20170116221951890.jpg.chip.jpg,59.0,0.0,0.0
13629,52_0_0_20170105173619725.jpg.chip.jpg,52.0,0.0,0.0
4184,25_0_1_20170116002254660.jpg.chip.jpg,25.0,0.0,1.0
2450,26_1_3_20170117153624660.jpg.chip.jpg,26.0,1.0,3.0
3008,25_0_0_20170104214616710.jpg.chip.jpg,25.0,0.0,0.0
13867,4_1_3_20161219224506577.jpg.chip.jpg,4.0,1.0,3.0
17473,33_0_1_20170116192517064.jpg.chip.jpg,33.0,0.0,1.0
18995,9_0_0_20170110224737016.jpg.chip.jpg,9.0,0.0,0.0
4919,30_1_0_20170117141313938.jpg.chip.jpg,30.0,1.0,0.0
6340,54_1_3_20170105001159796.jpg.chip.jpg,54.0,1.0,3.0
20839,1_0_2_20161219142032650.jpg.chip.jpg,1.0,0.0,2.0
3950,36_1_3_20170119181235533.jpg.chip.jpg,36.0,1.0,3.0
16774,32_0_1_20170116185236084.jpg.chip.jpg,32.0,0.0,1.0
1053,6_1_0_20170109194207894.jpg.chip.jpg,6.0,1.0,0.0
17551,36_1_0_20170117135859295.jpg.chip.jpg,36.0,1.0,0.0
5367,85_1_0_20170110181956588.jpg.chip.jpg,85.0,1.0,0.0
10516,67_0_3_20170119212010042.jpg.chip.jpg,67.0,0.0,3.0
21379,26_1_0_20170120134215383.jpg.chip.jpg,26.0,1.0,0.0
15063,26_0_0_20170103235356420.jpg.chip.jpg,26.0,0.0,0.0
21411,23_1_1_20170113195607925.jpg.chip.jpg,23.0,1.0,1.0
22197,60_0_3_20170119211748888.jpg.chip.jpg,60.0,0.0,3.0
14930,17_0_0_20170116182812470.jpg.chip.jpg,17.0,0.0,0.0
8957,25_1_1_20170116001314901.jpg.chip.jpg,25.0,1.0,1.0
15639,32_1_0_20170117170534474.jpg.chip.jpg,32.0,1.0,0.0
7298,55_0_0_20170117190804738.jpg.chip.jpg,55.0,0.0,0.0
1289,34_0_0_20170117134908039.jpg.chip.jpg,34.0,0.0,0.0
18177,50_0_3_20170119205521664.jpg.chip.jpg,50.0,0.0,3.0
23089,58_0_0_20170117191847355.jpg.chip.jpg,58.0,0.0,0.0
14379,37_0_1_20170117134417970.jpg.chip.jpg,37.0,0.0,1.0
10446,20_1_0_20170119153738075.jpg.chip.jpg,20.0,1.0,0.0
5036,21_0_3_20170119153827185.jpg.chip.jpg,21.0,0.0,3.0
17279,65_0_0_20170117163738348.jpg.chip.jpg,65.0,0.0,0.0
13233,39_0_1_20170104204530028.jpg.chip.jpg,39.0,0.0,1.0
5674,28_0_1_20170116221732374.jpg.chip.jpg,28.0,0.0,1.0
12298,9_1_0_20170103212649164.jpg.chip.jpg,9.0,1.0,0.0
1446,27_1_1_20170113000852746.jpg.chip.jpg,27.0,1.0,1.0
12482,28_1_3_20170117144207130.jpg.chip.jpg,28.0,1.0,3.0
3962,50_0_0_20170109003412066.jpg.chip.jpg,50.0,0.0,0.0
1439,25_1_3_20170104232101034.jpg.chip.jpg,25.0,1.0,3.0
10606,3_0_0_20170110211516280.jpg.chip.jpg,3.0,0.0,0.0
1703,35_1_0_20170120140127200.jpg.chip.jpg,35.0,1.0,0.0
5143,27_1_1_20170113011238888.jpg.chip.jpg,27.0,1.0,1.0
8202,28_0_3_20170119194507123.jpg.chip.jpg,28.0,0.0,3.0
11758,51_0_1_20170113174152115.jpg.chip.jpg,51.0,0.0,1.0
21406,30_1_3_20170119195850724.jpg.chip.jpg,30.0,1.0,3.0
8730,29_0_1_20170117104603706.jpg.chip.jpg,29.0,0.0,1.0
20736,13_0_0_20170110220458081.jpg.chip.jpg,13.0,0.0,0.0
17525,8_0_0_20170103201932624.jpg.chip.jpg,8.0,0.0,0.0
12044,34_1_0_20170104173038042.jpg.chip.jpg,34.0,1.0,0.0
3620,35_1_3_20170119201541494.jpg.chip.jpg,35.0,1.0,3.0
15451,32_0_1_20170117010054839.jpg.chip.jpg,32.0,0.0,1.0
15712,45_0_3_20170119201729135.jpg.chip.jpg,45.0,0.0,3.0
5132,2_0_4_20161221202432089.jpg.chip.jpg,2.0,0.0,4.0
3449,48_0_3_20170119201811053.jpg.chip.jpg,48.0,0.0,3.0
21876,30_1_3_20170109132828919.jpg.chip.jpg,30.0,1.0,3.0
23532,35_1_1_20170116021348604.jpg.chip.jpg,35.0,1.0,1.0
14740,1_0_2_20161219154024292.jpg.chip.jpg,1.0,0.0,2.0
18661,16_1_0_20170109212446278.jpg.chip.jpg,16.0,1.0,0.0
22554,47_0_0_20170117160014951.jpg.chip.jpg,47.0,0.0,0.0
478,25_0_0_20170116215601291.jpg.chip.jpg,25.0,0.0,0.0
13156,33_1_0_20170117174803471.jpg.chip.jpg,33.0,1.0,0.0
4997,30_1_2_20170116162512345.jpg.chip.jpg,30.0,1.0,2.0
875,26_0_2_20170119184053318.jpg.chip.jpg,26.0,0.0,2.0
3563,30_0_0_20170117181322508.jpg.chip.jpg,30.0,0.0,0.0
22369,48_1_1_20170117131013277.jpg.chip.jpg,48.0,1.0,1.0
7090,56_0_3_20170104232656954.jpg.chip.jpg,56.0,0.0,3.0
3184,56_1_0_20170120222048719.jpg.chip.jpg,56.0,1.0,0.0
6358,32_1_1_20170117134806214.jpg.chip.jpg,32.0,1.0,1.0
5963,25_1_0_20170119172029833.jpg.chip.jpg,25.0,1.0,0.0
8617,31_1_0_20170117131145761.jpg.chip.jpg,31.0,1.0,0.0
19262,7_1_2_20161219160322149.jpg.chip.jpg,7.0,1.0,2.0
1097,25_0_0_20170117140932120.jpg.chip.jpg,25.0,0.0,0.0
4240,53_1_0_20170110154328866.jpg.chip.jpg,53.0,1.0,0.0
19743,50_0_0_20170117204826505.jpg.chip.jpg,50.0,0.0,0.0
20842,26_0_4_20170105162624331.jpg.chip.jpg,26.0,0.0,4.0
148,53_0_0_20170109012753174.jpg.chip.jpg,53.0,0.0,0.0
6039,46_1_0_20170110151342799.jpg.chip.jpg,46.0,1.0,0.0
2688,34_0_3_20170119195442526.jpg.chip.jpg,34.0,0.0,3.0
4613,2_0_4_20161221195015399.jpg.chip.jpg,2.0,0.0,4.0
5063,15_0_0_20170117134820249.jpg.chip.jpg,15.0,0.0,0.0
7173,61_0_0_20170104185715382.jpg.chip.jpg,61.0,0.0,0.0
5921,4_0_3_20161220220726266.jpg.chip.jpg,4.0,0.0,3.0
15954,37_0_2_20170116184952701.jpg.chip.jpg,37.0,0.0,2.0
10998,29_1_3_20170109141114301.jpg.chip.jpg,29.0,1.0,3.0
13595,30_1_1_20170116233559206.jpg.chip.jpg,30.0,1.0,1.0
5824,30_0_1_20170117191447948.jpg.chip.jpg,30.0,0.0,1.0
18314,26_1_1_20170116224953528.jpg.chip.jpg,26.0,1.0,1.0
10456,18_1_1_20170109212551451.jpg.chip.jpg,18.0,1.0,1.0
4025,19_1_0_20170109213228173.jpg.chip.jpg,19.0,1.0,0.0
16858,7_0_0_20170110215534588.jpg.chip.jpg,7.0,0.0,0.0
15661,3_0_0_20161219161157166.jpg.chip.jpg,3.0,0.0,0.0
4319,35_1_1_20170117194907090.jpg.chip.jpg,35.0,1.0,1.0
157,1_0_4_20161221195030936.jpg.chip.jpg,1.0,0.0,4.0
17483,81_0_0_20170111222241614.jpg.chip.jpg,81.0,0.0,0.0
18208,49_0_0_20170119201555940.jpg.chip.jpg,49.0,0.0,0.0
3585,54_0_0_20170117163720882.jpg.chip.jpg,54.0,0.0,0.0
9673,56_0_3_20170105180725694.jpg.chip.jpg,56.0,0.0,3.0
646,76_1_0_20170110140935777.jpg.chip.jpg,76.0,1.0,0.0
7821,32_0_1_20170116215755940.jpg.chip.jpg,32.0,0.0,1.0
10733,35_0_1_20170117143139491.jpg.chip.jpg,35.0,0.0,1.0
3281,76_1_1_20170112205902715.jpg.chip.jpg,76.0,1.0,1.0
4844,16_0_0_20170110232332618.jpg.chip.jpg,16.0,0.0,0.0
18562,1_0_4_20161221201909505.jpg.chip.jpg,1.0,0.0,4.0
12006,26_1_4_20170103225117416.jpg.chip.jpg,26.0,1.0,4.0
12033,1_0_3_20161219230455336.jpg.chip.jpg,1.0,0.0,3.0
20943,4_1_4_20161221193345109.jpg.chip.jpg,4.0,1.0,4.0
19281,36_0_0_20170117182627492.jpg.chip.jpg,36.0,0.0,0.0
15130,15_1_1_20170112191208424.jpg.chip.jpg,15.0,1.0,1.0
7601,4_1_0_20170109193404863.jpg.chip.jpg,4.0,1.0,0.0
5477,27_1_1_20170117000109588.jpg.chip.jpg,27.0,1.0,1.0
20046,16_1_0_20170109213954271.jpg.chip.jpg,16.0,1.0,0.0
1917,54_0_0_20170119210011397.jpg.chip.jpg,54.0,0.0,0.0
7107,24_1_3_20170119171107656.jpg.chip.jpg,24.0,1.0,3.0
12783,37_1_1_20170116224921695.jpg.chip.jpg,37.0,1.0,1.0
1113,59_0_0_20170104210317787.jpg.chip.jpg,59.0,0.0,0.0
9799,3_1_2_20161219205359589.jpg.chip.jpg,3.0,1.0,2.0
4570,105_1_0_20170112213507183.jpg.chip.jpg,105.0,1.0,0.0
19301,72_0_0_20170113185248248.jpg.chip.jpg,72.0,0.0,0.0
17281,28_1_3_20170104232946267.jpg.chip.jpg,28.0,1.0,3.0
9533,53_0_3_20170119202446453.jpg.chip.jpg,53.0,0.0,3.0
19116,23_1_0_20170117144839499.jpg.chip.jpg,23.0,1.0,0.0
10876,27_1_4_20170116211825926.jpg.chip.jpg,27.0,1.0,4.0
12310,35_0_0_20170119200917429.jpg.chip.jpg,35.0,0.0,0.0
1613,25_0_0_20170117135538311.jpg.chip.jpg,25.0,0.0,0.0
7181,38_1_2_20170109002952813.jpg.chip.jpg,38.0,1.0,2.0
10728,15_1_4_20170103233441003.jpg.chip.jpg,15.0,1.0,4.0
15232,54_0_0_20170111171747438.jpg.chip.jpg,54.0,0.0,0.0
19113,52_1_0_20170104212301653.jpg.chip.jpg,52.0,1.0,0.0
2651,22_1_3_20170104222612607.jpg.chip.jpg,22.0,1.0,3.0
17865,26_0_1_20170116182311719.jpg.chip.jpg,26.0,0.0,1.0
7849,21_0_4_20161223214837442.jpg.chip.jpg,21.0,0.0,4.0
183,27_0_1_20170117005912432.jpg.chip.jpg,27.0,0.0,1.0
14374,5_1_3_20161219224922904.jpg.chip.jpg,5.0,1.0,3.0
5122,41_0_0_20170105172936597.jpg.chip.jpg,41.0,0.0,0.0
10699,22_1_4_20170112233752904.jpg.chip.jpg,22.0,1.0,4.0
12973,56_0_3_20170113190509801.jpg.chip.jpg,56.0,0.0,3.0
18231,40_0_3_20170117194103620.jpg.chip.jpg,40.0,0.0,3.0
4966,17_0_1_20170117183520064.jpg.chip.jpg,17.0,0.0,1.0
5565,3_1_0_20170109191801408.jpg.chip.jpg,3.0,1.0,0.0
4524,23_1_1_20170114033456731.jpg.chip.jpg,23.0,1.0,1.0
10575,26_1_0_20170116162357240.jpg.chip.jpg,26.0,1.0,0.0
20523,32_0_3_20170119184229278.jpg.chip.jpg,32.0,0.0,3.0
9356,5_0_0_20170110213118425.jpg.chip.jpg,5.0,0.0,0.0
21313,7_1_0_20170109205356415.jpg.chip.jpg,7.0,1.0,0.0
9009,24_1_3_20170119171037624.jpg.chip.jpg,24.0,1.0,3.0
1323,29_0_4_20170104200952009.jpg.chip.jpg,29.0,0.0,4.0
19013,35_0_2_20170116182734834.jpg.chip.jpg,35.0,0.0,2.0
15270,50_1_2_20170116173220910.jpg.chip.jpg,50.0,1.0,2.0
19269,26_0_0_20170117144510833.jpg.chip.jpg,26.0,0.0,0.0
1915,27_1_1_20170112193026590.jpg.chip.jpg,27.0,1.0,1.0
14604,58_0_3_20170119211538977.jpg.chip.jpg,58.0,0.0,3.0
12169,47_0_3_20170117190214362.jpg.chip.jpg,47.0,0.0,3.0
3635,26_1_1_20170116171846657.jpg.chip.jpg,26.0,1.0,1.0
23076,74_0_1_20170113184556176.jpg.chip.jpg,74.0,0.0,1.0
12348,26_0_0_20170117201346990.jpg.chip.jpg,26.0,0.0,0.0
3712,76_1_3_20170109150736001.jpg.chip.jpg,76.0,1.0,3.0
2657,23_0_1_20170114033534348.jpg.chip.jpg,23.0,0.0,1.0
2447,1_0_3_20161220221616882.jpg.chip.jpg,1.0,0.0,3.0
8002,65_1_2_20170112224125018.jpg.chip.jpg,65.0,1.0,2.0
11046,90_0_0_20170111210057456.jpg.chip.jpg,90.0,0.0,0.0
22565,22_0_3_20170119160339867.jpg.chip.jpg,22.0,0.0,3.0
4459,5_1_2_20170109193543217.jpg.chip.jpg,5.0,1.0,2.0
10388,26_1_3_20170119180229629.jpg.chip.jpg,26.0,1.0,3.0
19344,26_1_3_20170119192520722.jpg.chip.jpg,26.0,1.0,3.0
23550,60_1_1_20170113185112295.jpg.chip.jpg,60.0,1.0,1.0
2294,66_1_0_20170110141120112.jpg.chip.jpg,66.0,1.0,0.0
3117,43_1_0_20170103183352530.jpg.chip.jpg,43.0,1.0,0.0
20371,26_1_0_20170117153205725.jpg.chip.jpg,26.0,1.0,0.0
16913,58_0_0_20170111210401778.jpg.chip.jpg,58.0,0.0,0.0
552,85_1_0_20170110182358244.jpg.chip.jpg,85.0,1.0,0.0
22094,2_1_2_20161219211300054.jpg.chip.jpg,2.0,1.0,2.0
20118,5_1_2_20161219160435701.jpg.chip.jpg,5.0,1.0,2.0
11672,24_1_4_20170103230402800.jpg.chip.jpg,24.0,1.0,4.0
15818,48_0_3_20170119205259311.jpg.chip.jpg,48.0,0.0,3.0
8771,35_1_1_20170112215312367.jpg.chip.jpg,35.0,1.0,1.0
7504,9_0_0_20170110220133114.jpg.chip.jpg,9.0,0.0,0.0
14258,62_1_0_20170110122436007.jpg.chip.jpg,62.0,1.0,0.0
19630,18_0_0_20170110231625906.jpg.chip.jpg,18.0,0.0,0.0
2751,56_0_0_20170113185156200.jpg.chip.jpg,56.0,0.0,0.0
4438,50_1_4_20170117204033496.jpg.chip.jpg,50.0,1.0,4.0
3054,28_0_4_20170117202418494.jpg.chip.jpg,28.0,0.0,4.0
17240,23_1_0_20170112234244982.jpg.chip.jpg,23.0,1.0,0.0
2798,56_0_1_20170117172244563.jpg.chip.jpg,56.0,0.0,1.0
14695,35_1_0_20170113001200131.jpg.chip.jpg,35.0,1.0,0.0
14862,35_0_1_20170117175744492.jpg.chip.jpg,35.0,0.0,1.0
10248,38_1_0_20170117160605286.jpg.chip.jpg,38.0,1.0,0.0
16534,15_0_0_20170103200828591.jpg.chip.jpg,15.0,0.0,0.0
5924,34_1_1_20170116233652892.jpg.chip.jpg,34.0,1.0,1.0
7052,43_1_0_20170117155110305.jpg.chip.jpg,43.0,1.0,0.0
8161,26_0_3_20170119183421709.jpg.chip.jpg,26.0,0.0,3.0
16374,80_0_0_20170117175522915.jpg.chip.jpg,80.0,0.0,0.0
1256,37_0_0_20170117140009463.jpg.chip.jpg,37.0,0.0,0.0
22304,32_0_3_20170119200253810.jpg.chip.jpg,32.0,0.0,3.0
10628,37_0_0_20170117183417406.jpg.chip.jpg,37.0,0.0,0.0
1649,2_1_0_20161219154458917.jpg.chip.jpg,2.0,1.0,0.0
16006,63_0_0_20170120225708577.jpg.chip.jpg,63.0,0.0,0.0
3067,31_1_0_20170113210319897.jpg.chip.jpg,31.0,1.0,0.0
10437,28_0_1_20170113174140042.jpg.chip.jpg,28.0,0.0,1.0
17642,42_0_1_20170113183523861.jpg.chip.jpg,42.0,0.0,1.0
15765,36_0_3_20170119201733085.jpg.chip.jpg,36.0,0.0,3.0
10322,24_1_3_20170119171105800.jpg.chip.jpg,24.0,1.0,3.0
22639,21_0_0_20170104230059401.jpg.chip.jpg,21.0,0.0,0.0
12997,16_1_0_20170109213443708.jpg.chip.jpg,16.0,1.0,0.0
5564,30_1_0_20170104192455647.jpg.chip.jpg,30.0,1.0,0.0
11611,1_1_3_20161219225657032.jpg.chip.jpg,1.0,1.0,3.0
21434,1_0_0_20170110213042127.jpg.chip.jpg,1.0,0.0,0.0
594,1_0_0_20170110213013468.jpg.chip.jpg,1.0,0.0,0.0
10997,38_1_0_20170116003418066.jpg.chip.jpg,38.0,1.0,0.0
1369,26_0_0_20170113210605379.jpg.chip.jpg,26.0,0.0,0.0
22522,1_1_4_20161221192615380.jpg.chip.jpg,1.0,1.0,4.0
16321,40_0_0_20170116221116416.jpg.chip.jpg,40.0,0.0,0.0
14444,60_0_0_20170120223043268.jpg.chip.jpg,60.0,0.0,0.0
16365,29_0_3_20170119195158259.jpg.chip.jpg,29.0,0.0,3.0
4150,2_1_4_20170103213317172.jpg.chip.jpg,2.0,1.0,4.0
18843,26_0_3_20170119180329325.jpg.chip.jpg,26.0,0.0,3.0
295,30_0_0_20170117130638578.jpg.chip.jpg,30.0,0.0,0.0
16767,23_1_2_20170116173107723.jpg.chip.jpg,23.0,1.0,2.0
1838,35_1_0_20170116235649559.jpg.chip.jpg,35.0,1.0,0.0
9655,24_1_2_20170116172555595.jpg.chip.jpg,24.0,1.0,2.0
8765,24_1_1_20170112204507818.jpg.chip.jpg,24.0,1.0,1.0
19674,51_1_1_20170120133936151.jpg.chip.jpg,51.0,1.0,1.0
19170,30_1_0_20170117141413713.jpg.chip.jpg,30.0,1.0,0.0
7079,31_1_2_20170104022004181.jpg.chip.jpg,31.0,1.0,2.0
2708,38_1_1_20170114030101602.jpg.chip.jpg,38.0,1.0,1.0
9711,24_1_4_20170104005830151.jpg.chip.jpg,24.0,1.0,4.0
20554,52_0_2_20170116191323693.jpg.chip.jpg,52.0,0.0,2.0
3910,24_1_0_20170103224725272.jpg.chip.jpg,24.0,1.0,0.0
19971,28_1_1_20170117010436105.jpg.chip.jpg,28.0,1.0,1.0
20731,11_0_0_20170110232511893.jpg.chip.jpg,11.0,0.0,0.0
3190,28_0_1_20170113190421608.jpg.chip.jpg,28.0,0.0,1.0
10838,21_0_0_20170116214410522.jpg.chip.jpg,21.0,0.0,0.0
2269,27_1_0_20170117202233063.jpg.chip.jpg,27.0,1.0,0.0
728,25_0_1_20170117195045410.jpg.chip.jpg,25.0,0.0,1.0
16215,28_1_1_20170116215513416.jpg.chip.jpg,28.0,1.0,1.0
894,67_1_0_20170110131843433.jpg.chip.jpg,67.0,1.0,0.0
13450,41_1_0_20170103183002200.jpg.chip.jpg,41.0,1.0,0.0
8469,12_0_3_20170104225715968.jpg.chip.jpg,12.0,0.0,3.0
8736,1_1_3_20161220220157201.jpg.chip.jpg,1.0,1.0,3.0
5037,44_1_2_20170104185236854.jpg.chip.jpg,44.0,1.0,2.0
22202,42_0_3_20170119204431257.jpg.chip.jpg,42.0,0.0,3.0
4136,26_1_3_20170119193142729.jpg.chip.jpg,26.0,1.0,3.0
1695,75_0_0_20170117191812939.jpg.chip.jpg,75.0,0.0,0.0
2130,26_1_0_20170117171512771.jpg.chip.jpg,26.0,1.0,0.0
14584,30_0_1_20170113155013364.jpg.chip.jpg,30.0,0.0,1.0
16350,60_0_3_20170119205938048.jpg.chip.jpg,60.0,0.0,3.0
17914,27_0_1_20170116024214004.jpg.chip.jpg,27.0,0.0,1.0
15997,49_1_1_20170112235151889.jpg.chip.jpg,49.0,1.0,1.0
11334,56_0_0_20170111210636788.jpg.chip.jpg,56.0,0.0,0.0
12263,1_1_3_20161219230719040.jpg.chip.jpg,1.0,1.0,3.0
22629,1_1_0_20170109191232555.jpg.chip.jpg,1.0,1.0,0.0
17801,4_1_2_20161219190541762.jpg.chip.jpg,4.0,1.0,2.0
15925,32_1_1_20170116170930529.jpg.chip.jpg,32.0,1.0,1.0
6933,20_1_2_20170108224309241.jpg.chip.jpg,20.0,1.0,2.0
21948,29_0_1_20170113174703843.jpg.chip.jpg,29.0,0.0,1.0
21806,29_0_0_20170109013328101.jpg.chip.jpg,29.0,0.0,0.0
5373,35_1_1_20170116165647705.jpg.chip.jpg,35.0,1.0,1.0
547,35_0_3_20170117191232217.jpg.chip.jpg,35.0,0.0,3.0
5407,43_1_0_20170117155104591.jpg.chip.jpg,43.0,1.0,0.0
3396,45_0_3_20170119201748948.jpg.chip.jpg,45.0,0.0,3.0
23127,37_1_4_20170117203604479.jpg.chip.jpg,37.0,1.0,4.0
4186,26_0_1_20170113155124217.jpg.chip.jpg,26.0,0.0,1.0
4383,75_0_0_20170117163552393.jpg.chip.jpg,75.0,0.0,0.0
19499,10_0_3_20161220215952636.jpg.chip.jpg,10.0,0.0,3.0
13648,29_0_1_20170113133201673.jpg.chip.jpg,29.0,0.0,1.0
9189,35_0_3_20170119201410901.jpg.chip.jpg,35.0,0.0,3.0
18963,52_0_0_20170120222938778.jpg.chip.jpg,52.0,0.0,0.0
21447,29_0_1_20170104172519610.jpg.chip.jpg,29.0,0.0,1.0
10414,29_0_0_20170117123720494.jpg.chip.jpg,29.0,0.0,0.0
19103,23_1_2_20170116172850931.jpg.chip.jpg,23.0,1.0,2.0
11803,35_1_0_20170116211804087.jpg.chip.jpg,35.0,1.0,0.0
12339,26_0_0_20170117152311509.jpg.chip.jpg,26.0,0.0,0.0
12413,1_1_2_20161219151131108.jpg.chip.jpg,1.0,1.0,2.0
20538,10_1_0_20170109203642966.jpg.chip.jpg,10.0,1.0,0.0
20011,30_0_0_20170117141701441.jpg.chip.jpg,30.0,0.0,0.0
18744,1_0_2_20161219211407518.jpg.chip.jpg,1.0,0.0,2.0
21268,38_0_0_20170116210112194.jpg.chip.jpg,38.0,0.0,0.0
3191,36_1_2_20170115234956957.jpg.chip.jpg,36.0,1.0,2.0
14959,45_0_1_20170116204403032.jpg.chip.jpg,45.0,0.0,1.0
12180,26_0_3_20170119180941652.jpg.chip.jpg,26.0,0.0,3.0
20564,26_1_4_20170105164223948.jpg.chip.jpg,26.0,1.0,4.0
12695,4_1_4_20161221201901345.jpg.chip.jpg,4.0,1.0,4.0
17935,26_0_1_20170113181829839.jpg.chip.jpg,26.0,0.0,1.0
2147,58_0_0_20170111171747496.jpg.chip.jpg,58.0,0.0,0.0
212,35_1_0_20170103163453110.jpg.chip.jpg,35.0,1.0,0.0
1386,67_1_1_20170113185517320.jpg.chip.jpg,67.0,1.0,1.0
15275,4_0_0_20170110212814225.jpg.chip.jpg,4.0,0.0,0.0
4994,8_0_2_20161219162204262.jpg.chip.jpg,8.0,0.0,2.0
22706,40_0_0_20170117182122332.jpg.chip.jpg,40.0,0.0,0.0
9383,65_0_3_20170119205222598.jpg.chip.jpg,65.0,0.0,3.0
2165,54_0_0_20170104212507413.jpg.chip.jpg,54.0,0.0,0.0
1453,68_1_0_20170110132430273.jpg.chip.jpg,68.0,1.0,0.0
22064,29_0_1_20170117204407433.jpg.chip.jpg,29.0,0.0,1.0
7576,37_0_0_20170116200645679.jpg.chip.jpg,37.0,0.0,0.0
254,52_0_0_20170104212253932.jpg.chip.jpg,52.0,0.0,0.0
20628,90_0_0_20170111210516589.jpg.chip.jpg,90.0,0.0,0.0
17366,13_0_0_20170110232519225.jpg.chip.jpg,13.0,0.0,0.0
2268,26_1_2_20170116184052988.jpg.chip.jpg,26.0,1.0,2.0
20897,30_0_2_20170117144613825.jpg.chip.jpg,30.0,0.0,2.0
11944,31_0_2_20170116191327593.jpg.chip.jpg,31.0,0.0,2.0
4490,26_1_0_20170117091431823.jpg.chip.jpg,26.0,1.0,0.0
22837,21_1_4_20170103223208902.jpg.chip.jpg,21.0,1.0,4.0
2044,35_0_4_20170117130521027.jpg.chip.jpg,35.0,0.0,4.0
8364,54_0_0_20170113210127075.jpg.chip.jpg,54.0,0.0,0.0
5872,75_0_0_20170111203855367.jpg.chip.jpg,75.0,0.0,0.0
968,30_0_0_20170117123740914.jpg.chip.jpg,30.0,0.0,0.0
2549,35_0_1_20170117190123993.jpg.chip.jpg,35.0,0.0,1.0
3630,47_0_0_20170108225958118.jpg.chip.jpg,47.0,0.0,0.0
3930,66_1_0_20170110122914995.jpg.chip.jpg,66.0,1.0,0.0
5638,25_0_3_20170119171120578.jpg.chip.jpg,25.0,0.0,3.0
10480,55_0_4_20170117204624770.jpg.chip.jpg,55.0,0.0,4.0
15599,40_0_3_20170116233105322.jpg.chip.jpg,40.0,0.0,3.0
3538,32_0_1_20170117182408963.jpg.chip.jpg,32.0,0.0,1.0
12189,8_1_3_20161220220642802.jpg.chip.jpg,8.0,1.0,3.0
18421,19_0_2_20170105183427303.jpg.chip.jpg,19.0,0.0,2.0
4026,16_0_0_20170110231725022.jpg.chip.jpg,16.0,0.0,0.0
4957,14_0_1_20170116205529704.jpg.chip.jpg,14.0,0.0,1.0
20954,35_1_3_20170117145058906.jpg.chip.jpg,35.0,1.0,3.0
23016,21_0_0_20170103223223127.jpg.chip.jpg,21.0,0.0,0.0
22637,32_1_0_20170104164847153.jpg.chip.jpg,32.0,1.0,0.0
20356,43_0_3_20170119164231565.jpg.chip.jpg,43.0,0.0,3.0
13410,35_0_0_20170117130116812.jpg.chip.jpg,35.0,0.0,0.0
22912,24_1_1_20170116000700293.jpg.chip.jpg,24.0,1.0,1.0
14082,12_1_0_20170109201553786.jpg.chip.jpg,12.0,1.0,0.0
6337,65_0_0_20170111193809606.jpg.chip.jpg,65.0,0.0,0.0
12674,26_0_3_20170119181315374.jpg.chip.jpg,26.0,0.0,3.0
7730,35_1_1_20170117022217421.jpg.chip.jpg,35.0,1.0,1.0
7701,17_1_0_20170109214008165.jpg.chip.jpg,17.0,1.0,0.0
10907,26_1_1_20170117173603334.jpg.chip.jpg,26.0,1.0,1.0
1075,70_0_0_20170117173644159.jpg.chip.jpg,70.0,0.0,0.0
19653,30_1_3_20170104235542236.jpg.chip.jpg,30.0,1.0,3.0
2302,23_0_0_20170116221722978.jpg.chip.jpg,23.0,0.0,0.0
23644,54_0_0_20170111195904169.jpg.chip.jpg,54.0,0.0,0.0
12337,37_0_2_20170116185935425.jpg.chip.jpg,37.0,0.0,2.0
15509,26_1_4_20170117152921443.jpg.chip.jpg,26.0,1.0,4.0
15839,45_0_3_20170117121740949.jpg.chip.jpg,45.0,0.0,3.0
8618,26_0_1_20170113134737474.jpg.chip.jpg,26.0,0.0,1.0
19684,1_1_2_20161219162635831.jpg.chip.jpg,1.0,1.0,2.0
13562,56_1_0_20170117172544019.jpg.chip.jpg,56.0,1.0,0.0
17065,30_0_1_20170116002938608.jpg.chip.jpg,30.0,0.0,1.0
4974,35_0_0_20170120220720314.jpg.chip.jpg,35.0,0.0,0.0
7654,32_0_0_20170117133447180.jpg.chip.jpg,32.0,0.0,0.0
20299,30_1_0_20170117131022202.jpg.chip.jpg,30.0,1.0,0.0
551,22_1_0_20170112233719345.jpg.chip.jpg,22.0,1.0,0.0
5414,24_0_4_20170113151020448.jpg.chip.jpg,24.0,0.0,4.0
631,26_1_3_20170117174340222.jpg.chip.jpg,26.0,1.0,3.0
12788,30_1_0_20170117145129099.jpg.chip.jpg,30.0,1.0,0.0
1187,45_0_0_20170120221758572.jpg.chip.jpg,45.0,0.0,0.0
11010,40_1_0_20170116224841122.jpg.chip.jpg,40.0,1.0,0.0
21863,50_0_0_20170104204857675.jpg.chip.jpg,50.0,0.0,0.0
17900,32_1_2_20170116190141356.jpg.chip.jpg,32.0,1.0,2.0
18646,28_1_3_20170119152713848.jpg.chip.jpg,28.0,1.0,3.0
22335,5_1_2_20161219195123491.jpg.chip.jpg,5.0,1.0,2.0
20320,29_1_0_20170117181004953.jpg.chip.jpg,29.0,1.0,0.0
18532,26_0_0_20170102233359482.jpg.chip.jpg,26.0,0.0,0.0
7577,38_1_1_20170116160907331.jpg.chip.jpg,38.0,1.0,1.0
590,35_0_2_20170104201518561.jpg.chip.jpg,35.0,0.0,2.0
3849,16_0_0_20170110232818695.jpg.chip.jpg,16.0,0.0,0.0
6192,62_0_0_20170111171747583.jpg.chip.jpg,62.0,0.0,0.0
21363,27_1_2_20170104020913116.jpg.chip.jpg,27.0,1.0,2.0
2620,5_1_2_20161219191310882.jpg.chip.jpg,5.0,1.0,2.0
8626,30_1_2_20170119150857103.jpg.chip.jpg,30.0,1.0,2.0
5764,28_1_0_20170109003005024.jpg.chip.jpg,28.0,1.0,0.0
22139,36_1_1_20170113182501102.jpg.chip.jpg,36.0,1.0,1.0
13796,12_1_0_20170109200852145.jpg.chip.jpg,12.0,1.0,0.0
22797,32_1_4_20170117203123744.jpg.chip.jpg,32.0,1.0,4.0
19605,25_1_1_20170112191319941.jpg.chip.jpg,25.0,1.0,1.0
19146,51_0_0_20170117172522285.jpg.chip.jpg,51.0,0.0,0.0
11979,25_1_3_20170117180220918.jpg.chip.jpg,25.0,1.0,3.0
9074,35_0_2_20170116184036787.jpg.chip.jpg,35.0,0.0,2.0
17208,54_0_0_20170111195752794.jpg.chip.jpg,54.0,0.0,0.0
21978,18_1_0_20170109213109287.jpg.chip.jpg,18.0,1.0,0.0
21895,3_0_0_20170110211507718.jpg.chip.jpg,3.0,0.0,0.0
21265,80_1_2_20170120223552933.jpg.chip.jpg,80.0,1.0,2.0
13981,35_1_1_20170113195518309.jpg.chip.jpg,35.0,1.0,1.0
13707,23_1_2_20170116173127575.jpg.chip.jpg,23.0,1.0,2.0
14899,40_0_2_20170113190426313.jpg.chip.jpg,40.0,0.0,2.0
9941,40_1_0_20170117135425683.jpg.chip.jpg,40.0,1.0,0.0
22308,3_1_0_20170109191344231.jpg.chip.jpg,3.0,1.0,0.0
14354,63_0_3_20170105180931239.jpg.chip.jpg,63.0,0.0,3.0
20961,26_1_1_20170112212042603.jpg.chip.jpg,26.0,1.0,1.0
19048,26_1_3_20170104223054575.jpg.chip.jpg,26.0,1.0,3.0
6769,26_1_0_20170116231512359.jpg.chip.jpg,26.0,1.0,0.0
22819,50_1_0_20170117160740015.jpg.chip.jpg,50.0,1.0,0.0
11721,35_0_2_20170116161858517.jpg.chip.jpg,35.0,0.0,2.0
12581,68_1_0_20170110122621083.jpg.chip.jpg,68.0,1.0,0.0
2097,30_0_1_20170113190501769.jpg.chip.jpg,30.0,0.0,1.0
5455,33_0_0_20170117134828796.jpg.chip.jpg,33.0,0.0,0.0
6701,30_1_1_20170114031144413.jpg.chip.jpg,30.0,1.0,1.0
14603,47_0_0_20170104210353956.jpg.chip.jpg,47.0,0.0,0.0
21560,45_0_0_20170113183417861.jpg.chip.jpg,45.0,0.0,0.0
22067,2_1_3_20161220145026015.jpg.chip.jpg,2.0,1.0,3.0
341,35_1_0_20170117183029095.jpg.chip.jpg,35.0,1.0,0.0
12756,26_0_3_20170117154527678.jpg.chip.jpg,26.0,0.0,3.0
3380,27_0_0_20170116204851886.jpg.chip.jpg,27.0,0.0,0.0
7218,23_0_4_20170117194102020.jpg.chip.jpg,23.0,0.0,4.0
17534,29_1_0_20170104023236006.jpg.chip.jpg,29.0,1.0,0.0
8684,28_1_1_20170116234825295.jpg.chip.jpg,28.0,1.0,1.0
11001,82_0_0_20170111223748572.jpg.chip.jpg,82.0,0.0,0.0
1736,24_1_0_20170116214453175.jpg.chip.jpg,24.0,1.0,0.0
11753,67_0_0_20170113185521375.jpg.chip.jpg,67.0,0.0,0.0
15366,1_0_3_20161220220317465.jpg.chip.jpg,1.0,0.0,3.0
6172,58_0_2_20170116193712612.jpg.chip.jpg,58.0,0.0,2.0
11896,38_1_0_20170104171708706.jpg.chip.jpg,38.0,1.0,0.0
12955,68_0_0_20170104213632941.jpg.chip.jpg,68.0,0.0,0.0
14541,31_0_0_20170109003033356.jpg.chip.jpg,31.0,0.0,0.0
7370,27_0_4_20170103235757172.jpg.chip.jpg,27.0,0.0,4.0
16942,43_0_0_20170112220315153.jpg.chip.jpg,43.0,0.0,0.0
16383,26_0_1_20170116203829506.jpg.chip.jpg,26.0,0.0,1.0
15978,55_0_0_20170111205137423.jpg.chip.jpg,55.0,0.0,0.0
4239,50_1_0_20170110153432618.jpg.chip.jpg,50.0,1.0,0.0
2200,47_0_3_20170119193252674.jpg.chip.jpg,47.0,0.0,3.0
9144,21_1_4_20170117193725542.jpg.chip.jpg,21.0,1.0,4.0
10229,53_0_0_20170111201139891.jpg.chip.jpg,53.0,0.0,0.0
9214,26_1_0_20170117174848271.jpg.chip.jpg,26.0,1.0,0.0
21123,20_0_0_20170105161706251.jpg.chip.jpg,20.0,0.0,0.0
16555,15_0_0_20170110232717464.jpg.chip.jpg,15.0,0.0,0.0
17506,26_1_1_20170116023939164.jpg.chip.jpg,26.0,1.0,1.0
6043,16_0_0_20170110232108336.jpg.chip.jpg,16.0,0.0,0.0
22852,46_1_1_20170113001246891.jpg.chip.jpg,46.0,1.0,1.0
477,42_0_3_20170112205646694.jpg.chip.jpg,42.0,0.0,3.0
17619,56_1_0_20170109221138733.jpg.chip.jpg,56.0,1.0,0.0
209,26_1_1_20170112210923338.jpg.chip.jpg,26.0,1.0,1.0
13702,16_0_0_20170104230001113.jpg.chip.jpg,16.0,0.0,0.0
9202,23_1_2_20170116173145383.jpg.chip.jpg,23.0,1.0,2.0
17381,40_0_2_20170116182746808.jpg.chip.jpg,40.0,0.0,2.0
12253,11_0_0_20170110224742037.jpg.chip.jpg,11.0,0.0,0.0
9536,32_1_1_20170113000731466.jpg.chip.jpg,32.0,1.0,1.0
23160,35_0_1_20170117020842523.jpg.chip.jpg,35.0,0.0,1.0
6741,26_0_2_20170104023102422.jpg.chip.jpg,26.0,0.0,2.0
10288,44_0_3_20170119181415173.jpg.chip.jpg,44.0,0.0,3.0
19074,8_1_0_20170109205515528.jpg.chip.jpg,8.0,1.0,0.0
845,17_0_0_20170110231210547.jpg.chip.jpg,17.0,0.0,0.0
9024,11_1_2_20170104005111615.jpg.chip.jpg,11.0,1.0,2.0
4462,16_1_4_20170103201023166.jpg.chip.jpg,16.0,1.0,4.0
21945,25_1_2_20170104200556817.jpg.chip.jpg,25.0,1.0,2.0
19936,35_0_4_20170116191747403.jpg.chip.jpg,35.0,0.0,4.0
20895,26_0_2_20170116181222639.jpg.chip.jpg,26.0,0.0,2.0
14493,21_1_3_20170104221836903.jpg.chip.jpg,21.0,1.0,3.0
23660,21_0_3_20170104225749698.jpg.chip.jpg,21.0,0.0,3.0
14178,24_1_1_20170112204601475.jpg.chip.jpg,24.0,1.0,1.0
20688,5_0_2_20161219192452267.jpg.chip.jpg,5.0,0.0,2.0
14870,41_1_4_20170104204946628.jpg.chip.jpg,41.0,1.0,4.0
15346,35_1_0_20170117201013868.jpg.chip.jpg,35.0,1.0,0.0
11597,40_1_0_20170105173401214.jpg.chip.jpg,40.0,1.0,0.0
17678,51_1_3_20170109142417013.jpg.chip.jpg,51.0,1.0,3.0
22842,1_1_0_20170109192755957.jpg.chip.jpg,1.0,1.0,0.0
9196,32_0_0_20170116205924224.jpg.chip.jpg,32.0,0.0,0.0
2088,39_1_0_20170109012839681.jpg.chip.jpg,39.0,1.0,0.0
9399,1_0_2_20161219155850477.jpg.chip.jpg,1.0,0.0,2.0
16864,31_1_0_20170103182531906.jpg.chip.jpg,31.0,1.0,0.0
1466,72_1_1_20170116182041881.jpg.chip.jpg,72.0,1.0,1.0
16782,30_1_0_20170117170934860.jpg.chip.jpg,30.0,1.0,0.0
2672,40_0_0_20170117133829948.jpg.chip.jpg,40.0,0.0,0.0
5087,26_1_1_20170112213310815.jpg.chip.jpg,26.0,1.0,1.0
2297,28_1_1_20170109132733613.jpg.chip.jpg,28.0,1.0,1.0
21418,16_0_1_20170116214124311.jpg.chip.jpg,16.0,0.0,1.0
13737,61_1_0_20170117175115575.jpg.chip.jpg,61.0,1.0,0.0
1270,58_0_4_20170117204717713.jpg.chip.jpg,58.0,0.0,4.0
13982,1_1_0_20170109191140082.jpg.chip.jpg,1.0,1.0,0.0
22531,35_1_0_20170117121936119.jpg.chip.jpg,35.0,1.0,0.0
8869,36_0_3_20170119201824085.jpg.chip.jpg,36.0,0.0,3.0
19827,47_0_3_20170119205241615.jpg.chip.jpg,47.0,0.0,3.0
4923,50_0_0_20170104212118221.jpg.chip.jpg,50.0,0.0,0.0
2033,46_1_1_20170116233714695.jpg.chip.jpg,46.0,1.0,1.0
16354,86_1_0_20170110183850108.jpg.chip.jpg,86.0,1.0,0.0
10408,38_0_1_201701162330572788.jpg.chip.jpg,38.0,0.0,1.0
6256,1_0_2_20161219221744255.jpg.chip.jpg,1.0,0.0,2.0
21497,8_0_0_20170110220038315.jpg.chip.jpg,8.0,0.0,0.0
4172,34_1_0_20170115235719543.jpg.chip.jpg,34.0,1.0,0.0
16098,70_1_0_20170110181712528.jpg.chip.jpg,70.0,1.0,0.0
16540,26_1_1_20170116023936147.jpg.chip.jpg,26.0,1.0,1.0
17416,30_0_0_20170117181207964.jpg.chip.jpg,30.0,0.0,0.0
1553,78_0_2_20170112224428293.jpg.chip.jpg,78.0,0.0,2.0
13161,10_0_0_20170110220514186.jpg.chip.jpg,10.0,0.0,0.0
22611,35_1_0_20170117190625474.jpg.chip.jpg,35.0,1.0,0.0
8698,75_0_1_20170117183723984.jpg.chip.jpg,75.0,0.0,1.0
2214,18_1_0_20170109213935367.jpg.chip.jpg,18.0,1.0,0.0
186,32_0_0_20170113183159286.jpg.chip.jpg,32.0,0.0,0.0
600,26_1_3_20170117091754898.jpg.chip.jpg,26.0,1.0,3.0
14383,56_1_1_20170110153706986.jpg.chip.jpg,56.0,1.0,1.0
7518,56_1_0_20170110154628271.jpg.chip.jpg,56.0,1.0,0.0
16348,43_0_0_20170114034306574.jpg.chip.jpg,43.0,0.0,0.0
15567,8_1_0_20170109201110396.jpg.chip.jpg,8.0,1.0,0.0
6372,32_0_3_20170119200350043.jpg.chip.jpg,32.0,0.0,3.0
7530,26_1_2_20170116175458291.jpg.chip.jpg,26.0,1.0,2.0
20247,17_1_4_20161223214728028.jpg.chip.jpg,17.0,1.0,4.0
12491,32_0_4_20170116220621484.jpg.chip.jpg,32.0,0.0,4.0
13106,26_1_0_20170116184507521.jpg.chip.jpg,26.0,1.0,0.0
14176,1_1_3_20161220221547970.jpg.chip.jpg,1.0,1.0,3.0
12886,36_1_1_20170116222904910.jpg.chip.jpg,36.0,1.0,1.0
21360,56_1_0_20170112205003474.jpg.chip.jpg,56.0,1.0,0.0
21041,57_1_0_20170109134603312.jpg.chip.jpg,57.0,1.0,0.0
11773,26_1_1_20170112213253821.jpg.chip.jpg,26.0,1.0,1.0
8205,75_0_1_20170111202743587.jpg.chip.jpg,75.0,0.0,1.0
7908,29_1_0_20170104170615233.jpg.chip.jpg,29.0,1.0,0.0
12483,34_1_0_20170116222753074.jpg.chip.jpg,34.0,1.0,0.0
1789,28_0_2_20170116163928068.jpg.chip.jpg,28.0,0.0,2.0
12113,31_0_1_20170117134920188.jpg.chip.jpg,31.0,0.0,1.0
3294,56_0_1_20170113184309735.jpg.chip.jpg,56.0,0.0,1.0
23115,60_0_3_20170119205739654.jpg.chip.jpg,60.0,0.0,3.0
2365,10_1_0_20170110220649364.jpg.chip.jpg,10.0,1.0,0.0
10623,41_0_1_20170117011534258.jpg.chip.jpg,41.0,0.0,1.0
11333,39_0_0_20170105172344157.jpg.chip.jpg,39.0,0.0,0.0
6904,1_0_2_20161219155857576.jpg.chip.jpg,1.0,0.0,2.0
1238,46_0_2_20170116173625939.jpg.chip.jpg,46.0,0.0,2.0
11355,60_1_0_20170110131522551.jpg.chip.jpg,60.0,1.0,0.0
6520,24_0_1_20170117130104056.jpg.chip.jpg,24.0,0.0,1.0
4681,28_1_3_20170119195058029.jpg.chip.jpg,28.0,1.0,3.0
3239,56_1_0_20170109220504650.jpg.chip.jpg,56.0,1.0,0.0
17055,26_0_0_20170117155115749.jpg.chip.jpg,26.0,0.0,0.0
17315,19_0_1_20170113132639480.jpg.chip.jpg,19.0,0.0,1.0
13322,28_1_2_20170116165935678.jpg.chip.jpg,28.0,1.0,2.0
2722,2_1_0_20170109194336216.jpg.chip.jpg,2.0,1.0,0.0
4340,28_1_1_20170117121837397.jpg.chip.jpg,28.0,1.0,1.0
10855,30_1_0_20170117140117810.jpg.chip.jpg,30.0,1.0,0.0
14439,17_0_4_20170102234904707.jpg.chip.jpg,17.0,0.0,4.0
17500,38_0_0_20170117153835602.jpg.chip.jpg,38.0,0.0,0.0
18582,38_1_1_20170113012719329.jpg.chip.jpg,38.0,1.0,1.0
15213,26_1_3_20170119193118682.jpg.chip.jpg,26.0,1.0,3.0
19325,37_0_2_20170105163305795.jpg.chip.jpg,37.0,0.0,2.0
20440,1_0_3_20161219225900970.jpg.chip.jpg,1.0,0.0,3.0
7836,26_1_0_20170104021534429.jpg.chip.jpg,26.0,1.0,0.0
15832,28_1_1_20170116164405234.jpg.chip.jpg,28.0,1.0,1.0
5628,28_1_1_20170113001154099.jpg.chip.jpg,28.0,1.0,1.0
7823,32_0_3_20170116030101844.jpg.chip.jpg,32.0,0.0,3.0
19008,30_1_1_20170112215039472.jpg.chip.jpg,30.0,1.0,1.0
15485,35_1_0_20170117191520420.jpg.chip.jpg,35.0,1.0,0.0
17194,27_1_4_20170103182145377.jpg.chip.jpg,27.0,1.0,4.0
22169,36_0_0_20170117135518232.jpg.chip.jpg,36.0,0.0,0.0
2186,54_0_1_20170117183557856.jpg.chip.jpg,54.0,0.0,1.0
17363,1_1_3_20161219230325488.jpg.chip.jpg,1.0,1.0,3.0
14181,45_1_1_20170113195612333.jpg.chip.jpg,45.0,1.0,1.0
4122,32_0_1_20170113141920028.jpg.chip.jpg,32.0,0.0,1.0
14576,1_0_0_20170110212603790.jpg.chip.jpg,1.0,0.0,0.0
11114,36_1_2_20170119164406148.jpg.chip.jpg,36.0,1.0,2.0
20505,36_0_0_20170112003914754.jpg.chip.jpg,36.0,0.0,0.0
7224,28_1_2_20170116170932358.jpg.chip.jpg,28.0,1.0,2.0
848,61_1_0_20170117175120965.jpg.chip.jpg,61.0,1.0,0.0
4648,36_0_0_20170117162925765.jpg.chip.jpg,36.0,0.0,0.0
8931,27_1_0_20170117144358667.jpg.chip.jpg,27.0,1.0,0.0
12010,75_0_3_20170112224225939.jpg.chip.jpg,75.0,0.0,3.0
18813,30_0_3_20170119164115989.jpg.chip.jpg,30.0,0.0,3.0
10476,2_1_2_20161219213559615.jpg.chip.jpg,2.0,1.0,2.0
15142,24_0_2_20170116173527524.jpg.chip.jpg,24.0,0.0,2.0
3391,8_1_0_20170109203314749.jpg.chip.jpg,8.0,1.0,0.0
9341,35_0_4_20170104192501919.jpg.chip.jpg,35.0,0.0,4.0
3969,53_0_0_20170111171747419.jpg.chip.jpg,53.0,0.0,0.0
14619,25_1_3_20170117141259263.jpg.chip.jpg,25.0,1.0,3.0
10059,37_0_2_20170116184939699.jpg.chip.jpg,37.0,0.0,2.0
12441,24_1_1_20170114025128077.jpg.chip.jpg,24.0,1.0,1.0
14859,25_0_3_20170104230516489.jpg.chip.jpg,25.0,0.0,3.0
11515,9_0_2_20170110225353988.jpg.chip.jpg,9.0,0.0,2.0
14823,15_1_2_20161219193333691.jpg.chip.jpg,15.0,1.0,2.0
13100,26_1_3_20170117174556511.jpg.chip.jpg,26.0,1.0,3.0
23419,42_0_3_20170119202035565.jpg.chip.jpg,42.0,0.0,3.0
2359,49_0_4_20170104210433927.jpg.chip.jpg,49.0,0.0,4.0
6345,26_1_2_20170116184246209.jpg.chip.jpg,26.0,1.0,2.0
8174,75_0_1_20170111205346848.jpg.chip.jpg,75.0,0.0,1.0
4827,50_1_0_20170120225451760.jpg.chip.jpg,50.0,1.0,0.0
21871,23_1_1_20170114024652649.jpg.chip.jpg,23.0,1.0,1.0
22613,28_0_0_20170117180535344.jpg.chip.jpg,28.0,0.0,0.0
22431,36_0_0_20170119201550109.jpg.chip.jpg,36.0,0.0,0.0
21095,2_0_0_20170103202750479.jpg.chip.jpg,2.0,0.0,0.0
20639,4_0_0_20170110213533405.jpg.chip.jpg,4.0,0.0,0.0
18407,10_0_0_20170110224402264.jpg.chip.jpg,10.0,0.0,0.0
18686,3_1_2_20161220220305826.jpg.chip.jpg,3.0,1.0,2.0
9280,30_1_2_20170116174548024.jpg.chip.jpg,30.0,1.0,2.0
9844,28_1_4_20170117143635625.jpg.chip.jpg,28.0,1.0,4.0
13771,56_0_0_20170117000257766.jpg.chip.jpg,56.0,0.0,0.0
11152,66_0_0_20170111210358051.jpg.chip.jpg,66.0,0.0,0.0
10630,40_0_1_20170113151525270.jpg.chip.jpg,40.0,0.0,1.0
7726,26_1_2_20170116184147278.jpg.chip.jpg,26.0,1.0,2.0
16656,8_1_0_20170103200353070.jpg.chip.jpg,8.0,1.0,0.0
13616,29_0_4_20170116210407115.jpg.chip.jpg,29.0,0.0,4.0
22931,17_1_4_20170104001810179.jpg.chip.jpg,17.0,1.0,4.0
8564,28_1_3_20170119195058724.jpg.chip.jpg,28.0,1.0,3.0
11470,31_0_1_20170116004652226.jpg.chip.jpg,31.0,0.0,1.0
14377,26_0_0_20170119184315753.jpg.chip.jpg,26.0,0.0,0.0
4817,2_0_2_20161219142243497.jpg.chip.jpg,2.0,0.0,2.0
21299,32_0_2_20170116182306316.jpg.chip.jpg,32.0,0.0,2.0
10173,27_1_1_20170112213535591.jpg.chip.jpg,27.0,1.0,1.0
8319,18_0_0_20170110231228322.jpg.chip.jpg,18.0,0.0,0.0
6171,35_0_0_20170116191127270.jpg.chip.jpg,35.0,0.0,0.0
7769,32_0_2_20170104170204025.jpg.chip.jpg,32.0,0.0,2.0
8251,26_1_0_20170116184824361.jpg.chip.jpg,26.0,1.0,0.0
19181,29_1_3_20170104214540068.jpg.chip.jpg,29.0,1.0,3.0
8831,24_1_4_20170117194806829.jpg.chip.jpg,24.0,1.0,4.0
16320,26_1_2_20170116184044516.jpg.chip.jpg,26.0,1.0,2.0
20813,45_0_0_20170117170741266.jpg.chip.jpg,45.0,0.0,0.0
9014,24_1_0_20170104021019292.jpg.chip.jpg,24.0,1.0,0.0
23453,29_0_3_20170119195312395.jpg.chip.jpg,29.0,0.0,3.0
15378,5_1_0_20170109191942666.jpg.chip.jpg,5.0,1.0,0.0
9327,21_1_0_20170104020509980.jpg.chip.jpg,21.0,1.0,0.0
17025,37_1_1_20170116180008472.jpg.chip.jpg,37.0,1.0,1.0
14413,40_0_2_20170116181243263.jpg.chip.jpg,40.0,0.0,2.0
3534,26_1_1_20170116232156210.jpg.chip.jpg,26.0,1.0,1.0
15769,3_1_1_20170109190807350.jpg.chip.jpg,3.0,1.0,1.0
18762,25_1_0_20170111182452788.jpg.chip.jpg,25.0,1.0,0.0
23054,9_0_0_20170110224542473.jpg.chip.jpg,9.0,0.0,0.0
5424,2_0_2_20161219203126700.jpg.chip.jpg,2.0,0.0,2.0
703,26_1_1_20170116234436659.jpg.chip.jpg,26.0,1.0,1.0
3682,28_0_1_20170117020752716.jpg.chip.jpg,28.0,0.0,1.0
2918,27_0_0_20170116205304488.jpg.chip.jpg,27.0,0.0,0.0
770,53_0_0_20170109012810348.jpg.chip.jpg,53.0,0.0,0.0
3928,36_0_3_20170119191944665.jpg.chip.jpg,36.0,0.0,3.0
1411,50_0_3_20170119203857710.jpg.chip.jpg,50.0,0.0,3.0
22834,15_1_0_20170109214516641.jpg.chip.jpg,15.0,1.0,0.0
15931,30_1_0_20170117144452546.jpg.chip.jpg,30.0,1.0,0.0
16008,25_1_0_20170116220238281.jpg.chip.jpg,25.0,1.0,0.0
14575,49_1_0_20170109220611995.jpg.chip.jpg,49.0,1.0,0.0
3523,65_1_0_20170120224801168.jpg.chip.jpg,65.0,1.0,0.0
6911,4_0_2_20161219160936862.jpg.chip.jpg,4.0,0.0,2.0
21382,20_1_0_20170117141216752.jpg.chip.jpg,20.0,1.0,0.0
5114,68_1_0_20170110143406927.jpg.chip.jpg,68.0,1.0,0.0
5007,30_0_0_20170113135527027.jpg.chip.jpg,30.0,0.0,0.0
10881,17_0_3_20170104230447112.jpg.chip.jpg,17.0,0.0,3.0
12142,53_1_1_20170110125140922.jpg.chip.jpg,53.0,1.0,1.0
5608,1_0_3_20161219225811120.jpg.chip.jpg,1.0,0.0,3.0
18408,1_1_0_20161219202919508.jpg.chip.jpg,1.0,1.0,0.0
7328,28_1_3_20170119154512882.jpg.chip.jpg,28.0,1.0,3.0
17721,29_0_1_20170113133129655.jpg.chip.jpg,29.0,0.0,1.0
11339,32_1_0_20170104172950778.jpg.chip.jpg,32.0,1.0,0.0
15262,52_0_0_20170111202028479.jpg.chip.jpg,52.0,0.0,0.0
5538,35_0_0_20170117143404590.jpg.chip.jpg,35.0,0.0,0.0
12422,80_0_2_20170112205254236.jpg.chip.jpg,80.0,0.0,2.0
17116,26_1_1_20170116154712959.jpg.chip.jpg,26.0,1.0,1.0
266,37_0_2_20170104022325581.jpg.chip.jpg,37.0,0.0,2.0
19173,46_1_0_20170104235246210.jpg.chip.jpg,46.0,1.0,0.0
9157,78_1_0_20170120225556721.jpg.chip.jpg,78.0,1.0,0.0
14517,14_0_3_20170104225858160.jpg.chip.jpg,14.0,0.0,3.0
21205,19_0_3_20170119165517358.jpg.chip.jpg,19.0,0.0,3.0
20286,25_1_0_20170117140853353.jpg.chip.jpg,25.0,1.0,0.0
10305,24_0_0_20170117003314278.jpg.chip.jpg,24.0,0.0,0.0
23031,31_0_4_20170116191344848.jpg.chip.jpg,31.0,0.0,4.0
18694,54_0_0_20170113210127471.jpg.chip.jpg,54.0,0.0,0.0
122,26_0_1_20170113132700512.jpg.chip.jpg,26.0,0.0,1.0
2124,29_1_1_20170112214954671.jpg.chip.jpg,29.0,1.0,1.0
997,29_1_0_20170103181717184.jpg.chip.jpg,29.0,1.0,0.0
12132,65_0_1_20170113174805802.jpg.chip.jpg,65.0,0.0,1.0
4336,59_0_0_20170111171747514.jpg.chip.jpg,59.0,0.0,0.0
1353,37_0_3_20170119164100806.jpg.chip.jpg,37.0,0.0,3.0
22499,8_1_2_20170109205424712.jpg.chip.jpg,8.0,1.0,2.0
13304,39_0_1_20170117165830236.jpg.chip.jpg,39.0,0.0,1.0
20827,27_1_0_20170117175951091.jpg.chip.jpg,27.0,1.0,0.0
793,72_1_1_20170120225033578.jpg.chip.jpg,72.0,1.0,1.0
14437,70_0_1_20170120225116936.jpg.chip.jpg,70.0,0.0,1.0
15009,36_1_4_20170117135904020.jpg.chip.jpg,36.0,1.0,4.0
4508,25_1_4_20161221193646742.jpg.chip.jpg,25.0,1.0,4.0
20172,6_1_2_20161219205748924.jpg.chip.jpg,6.0,1.0,2.0
22184,28_0_3_20170104220743173.jpg.chip.jpg,28.0,0.0,3.0
12262,22_0_0_20170116220735674.jpg.chip.jpg,22.0,0.0,0.0
2436,60_0_0_20170109013439834.jpg.chip.jpg,60.0,0.0,0.0
1845,30_1_3_20170117132700450.jpg.chip.jpg,30.0,1.0,3.0
15650,25_1_1_20170117135941266.jpg.chip.jpg,25.0,1.0,1.0
3799,36_0_0_20170117162945609.jpg.chip.jpg,36.0,0.0,0.0
8874,48_0_0_20170104193619832.jpg.chip.jpg,48.0,0.0,0.0
3030,38_0_4_20170103230436562.jpg.chip.jpg,38.0,0.0,4.0
22046,54_0_0_20170104212509821.jpg.chip.jpg,54.0,0.0,0.0
17509,24_1_2_20170116173520935.jpg.chip.jpg,24.0,1.0,2.0
4867,52_0_0_20170111171747376.jpg.chip.jpg,52.0,0.0,0.0
19655,53_1_0_20170117163700586.jpg.chip.jpg,53.0,1.0,0.0
4299,58_0_1_20170117173247104.jpg.chip.jpg,58.0,0.0,1.0
18614,36_1_0_20170105172639541.jpg.chip.jpg,36.0,1.0,0.0
2349,1_1_2_20161219141502337.jpg.chip.jpg,1.0,1.0,2.0
7411,26_1_1_20170113012346273.jpg.chip.jpg,26.0,1.0,1.0
15585,35_0_0_20170117170905483.jpg.chip.jpg,35.0,0.0,0.0
20521,45_0_1_20170113180901829.jpg.chip.jpg,45.0,0.0,1.0
2465,27_1_3_20170109132029072.jpg.chip.jpg,27.0,1.0,3.0
5391,15_0_4_20170103201002253.jpg.chip.jpg,15.0,0.0,4.0
11105,23_1_4_20170117194303197.jpg.chip.jpg,23.0,1.0,4.0
9810,45_0_0_20170117174733520.jpg.chip.jpg,45.0,0.0,0.0
18548,1_1_2_20161219142015873.jpg.chip.jpg,1.0,1.0,2.0
11475,40_0_2_20170116173629300.jpg.chip.jpg,40.0,0.0,2.0
2230,22_1_1_20170113195537459.jpg.chip.jpg,22.0,1.0,1.0
19326,22_1_2_20170105183412088.jpg.chip.jpg,22.0,1.0,2.0
16182,62_0_3_20170117154850387.jpg.chip.jpg,62.0,0.0,3.0
5128,26_1_2_20170116175505151.jpg.chip.jpg,26.0,1.0,2.0
11284,42_0_0_20170117135659058.jpg.chip.jpg,42.0,0.0,0.0
4943,1_1_4_20170103213044557.jpg.chip.jpg,1.0,1.0,4.0
11321,12_0_0_20170110224804208.jpg.chip.jpg,12.0,0.0,0.0
6952,29_1_0_20170103181430872.jpg.chip.jpg,29.0,1.0,0.0
16306,50_0_3_20170119205102983.jpg.chip.jpg,50.0,0.0,3.0
23046,33_1_1_20170112210929221.jpg.chip.jpg,33.0,1.0,1.0
12485,75_0_0_20170111204958277.jpg.chip.jpg,75.0,0.0,0.0
6681,1_0_2_20161219162544751.jpg.chip.jpg,1.0,0.0,2.0
13689,27_1_0_20170117012350076.jpg.chip.jpg,27.0,1.0,0.0
20254,58_0_3_20170119211651056.jpg.chip.jpg,58.0,0.0,3.0
8578,37_0_0_20170116201223316.jpg.chip.jpg,37.0,0.0,0.0
3498,52_0_0_20170111204000411.jpg.chip.jpg,52.0,0.0,0.0
17081,22_0_0_20170103180152583.jpg.chip.jpg,22.0,0.0,0.0
6054,23_1_2_20170116172955453.jpg.chip.jpg,23.0,1.0,2.0
6031,67_0_1_20170120223307141.jpg.chip.jpg,67.0,0.0,1.0
17302,13_1_0_20170109205237062.jpg.chip.jpg,13.0,1.0,0.0
259,62_0_0_20170120224648431.jpg.chip.jpg,62.0,0.0,0.0
15534,12_1_0_20170104005520631.jpg.chip.jpg,12.0,1.0,0.0
16523,37_0_0_20170104185229157.jpg.chip.jpg,37.0,0.0,0.0
21417,38_0_1_20170113183109470.jpg.chip.jpg,38.0,0.0,1.0
9523,30_1_2_20170117092239284.jpg.chip.jpg,30.0,1.0,2.0
19126,26_0_1_20170117195747853.jpg.chip.jpg,26.0,0.0,1.0
3576,70_0_2_20170112215112703.jpg.chip.jpg,70.0,0.0,2.0
7745,63_0_0_20170104213553685.jpg.chip.jpg,63.0,0.0,0.0
17804,36_0_3_20170119202126078.jpg.chip.jpg,36.0,0.0,3.0
1477,50_0_0_20170120222246032.jpg.chip.jpg,50.0,0.0,0.0
21901,1_1_0_20161219203420685.jpg.chip.jpg,1.0,1.0,0.0
13765,43_0_0_20170104204616830.jpg.chip.jpg,43.0,0.0,0.0
10129,21_1_2_20170116170750376.jpg.chip.jpg,21.0,1.0,2.0
5998,38_1_1_20170116225245726.jpg.chip.jpg,38.0,1.0,1.0
8755,31_0_1_20170113175708996.jpg.chip.jpg,31.0,0.0,1.0
13027,26_0_0_20170104201228553.jpg.chip.jpg,26.0,0.0,0.0
1980,12_1_3_20170104223448631.jpg.chip.jpg,12.0,1.0,3.0
13594,28_0_0_20170102233520314.jpg.chip.jpg,28.0,0.0,0.0
12705,36_0_1_20170113163308366.jpg.chip.jpg,36.0,0.0,1.0
21350,88_1_0_20170110132552849.jpg.chip.jpg,88.0,1.0,0.0
7963,26_1_2_20170116175850875.jpg.chip.jpg,26.0,1.0,2.0
8169,21_0_4_20161223214838473.jpg.chip.jpg,21.0,0.0,4.0
2096,27_0_0_20170116220601280.jpg.chip.jpg,27.0,0.0,0.0
325,55_1_0_20170117092223899.jpg.chip.jpg,55.0,1.0,0.0
22506,20_1_3_20170117141108233.jpg.chip.jpg,20.0,1.0,3.0
17555,9_0_0_20170110224736067.jpg.chip.jpg,9.0,0.0,0.0
20616,29_0_1_20170113151522064.jpg.chip.jpg,29.0,0.0,1.0
14989,7_0_3_20170119144311624.jpg.chip.jpg,7.0,0.0,3.0
10040,56_1_1_20170112231901927.jpg.chip.jpg,56.0,1.0,1.0
11221,22_0_0_20170105161701210.jpg.chip.jpg,22.0,0.0,0.0
6352,26_1_3_20170104222810087.jpg.chip.jpg,26.0,1.0,3.0
3304,2_1_2_20161219142234096.jpg.chip.jpg,2.0,1.0,2.0
7213,38_0_3_20170117121006148.jpg.chip.jpg,38.0,0.0,3.0
13565,25_1_1_20170117154035392.jpg.chip.jpg,25.0,1.0,1.0
22283,24_1_0_20170112234608449.jpg.chip.jpg,24.0,1.0,0.0
9163,40_0_4_20170117145400915.jpg.chip.jpg,40.0,0.0,4.0
15882,40_1_2_20170116191811650.jpg.chip.jpg,40.0,1.0,2.0
20579,24_0_2_20170117141025894.jpg.chip.jpg,24.0,0.0,2.0
13539,22_1_0_20170117143702099.jpg.chip.jpg,22.0,1.0,0.0
2479,34_0_0_20170117134927863.jpg.chip.jpg,34.0,0.0,0.0
11971,27_0_0_20170117175351801.jpg.chip.jpg,27.0,0.0,0.0
2535,28_1_1_20170112235203401.jpg.chip.jpg,28.0,1.0,1.0
4849,40_0_0_20170117154522422.jpg.chip.jpg,40.0,0.0,0.0
792,21_1_0_20170116220224031.jpg.chip.jpg,21.0,1.0,0.0
7520,23_1_3_20170117144123778.jpg.chip.jpg,23.0,1.0,3.0
1349,31_0_2_20170112191137663.jpg.chip.jpg,31.0,0.0,2.0
20708,1_1_2_20161219202514684.jpg.chip.jpg,1.0,1.0,2.0
9095,30_0_1_20170117130040363.jpg.chip.jpg,30.0,0.0,1.0
10849,1_1_3_20161219224700400.jpg.chip.jpg,1.0,1.0,3.0
5465,61_0_1_20170113174123835.jpg.chip.jpg,61.0,0.0,1.0
8662,36_0_3_20170119201917284.jpg.chip.jpg,36.0,0.0,3.0
1922,26_0_4_20170117200225399.jpg.chip.jpg,26.0,0.0,4.0
3708,22_0_0_20170116200924248.jpg.chip.jpg,22.0,0.0,0.0
1508,23_1_1_20170112234052856.jpg.chip.jpg,23.0,1.0,1.0
8555,30_1_2_20170116192249012.jpg.chip.jpg,30.0,1.0,2.0
19956,9_0_0_20170110221659430.jpg.chip.jpg,9.0,0.0,0.0
4351,28_1_3_20170119195054803.jpg.chip.jpg,28.0,1.0,3.0
11947,24_1_2_20170116173438372.jpg.chip.jpg,24.0,1.0,2.0
22099,32_1_1_20170116222946705.jpg.chip.jpg,32.0,1.0,1.0
9725,70_1_0_20170120221601317.jpg.chip.jpg,70.0,1.0,0.0
18685,31_1_0_20170117135716524.jpg.chip.jpg,31.0,1.0,0.0
10469,35_0_4_20170117153010428.jpg.chip.jpg,35.0,0.0,4.0
1139,26_0_0_20170116152556326.jpg.chip.jpg,26.0,0.0,0.0
429,11_1_0_20170109205136852.jpg.chip.jpg,11.0,1.0,0.0
11129,43_0_0_20170117185856051.jpg.chip.jpg,43.0,0.0,0.0
5011,35_0_0_20170117145224204.jpg.chip.jpg,35.0,0.0,0.0
18563,24_0_1_20170113151005343.jpg.chip.jpg,24.0,0.0,1.0
12402,24_1_3_20161220221743058.jpg.chip.jpg,24.0,1.0,3.0
13507,25_1_0_20170117134324860.jpg.chip.jpg,25.0,1.0,0.0
2154,36_1_0_20170116222807886.jpg.chip.jpg,36.0,1.0,0.0
19814,7_1_0_20170109192242639.jpg.chip.jpg,7.0,1.0,0.0
2882,61_1_2_20170117123801917.jpg.chip.jpg,61.0,1.0,2.0
3262,30_1_2_20170104020459348.jpg.chip.jpg,30.0,1.0,2.0
10291,55_0_3_20170119201235270.jpg.chip.jpg,55.0,0.0,3.0
1177,48_0_1_20170117020834578.jpg.chip.jpg,48.0,0.0,1.0
17178,20_1_1_20170112231413086.jpg.chip.jpg,20.0,1.0,1.0
10260,35_0_1_20170113151604904.jpg.chip.jpg,35.0,0.0,1.0
1503,17_0_1_20170116182122450.jpg.chip.jpg,17.0,0.0,1.0
1920,1_0_2_20161219204151442.jpg.chip.jpg,1.0,0.0,2.0
15684,26_1_3_20170117174016693.jpg.chip.jpg,26.0,1.0,3.0
223,20_1_3_20170119144712261.jpg.chip.jpg,20.0,1.0,3.0
4158,8_0_3_20170104230746993.jpg.chip.jpg,8.0,0.0,3.0
1738,62_0_0_20170111171747588.jpg.chip.jpg,62.0,0.0,0.0
6636,26_1_1_20170116160647680.jpg.chip.jpg,26.0,1.0,1.0
14233,32_1_2_20170116191456782.jpg.chip.jpg,32.0,1.0,2.0
20168,60_0_3_20170119205318975.jpg.chip.jpg,60.0,0.0,3.0
7660,85_1_0_20170110183520442.jpg.chip.jpg,85.0,1.0,0.0
3557,47_0_1_20170117172552003.jpg.chip.jpg,47.0,0.0,1.0
18456,26_1_3_20170117174342230.jpg.chip.jpg,26.0,1.0,3.0
8014,47_1_0_20170117160427895.jpg.chip.jpg,47.0,1.0,0.0
11161,86_1_2_20170112215418656.jpg.chip.jpg,86.0,1.0,2.0
9495,23_1_3_20170119155754275.jpg.chip.jpg,23.0,1.0,3.0
7691,32_0_1_20170113001102379.jpg.chip.jpg,32.0,0.0,1.0
960,55_0_0_20170120222438720.jpg.chip.jpg,55.0,0.0,0.0
20240,34_1_0_20170117180039028.jpg.chip.jpg,34.0,1.0,0.0
17838,43_0_3_20170119181057511.jpg.chip.jpg,43.0,0.0,3.0
3042,19_1_2_20170116212110227.jpg.chip.jpg,19.0,1.0,2.0
12290,47_0_0_20170104184147589.jpg.chip.jpg,47.0,0.0,0.0
18874,18_1_1_20170113002913732.jpg.chip.jpg,18.0,1.0,1.0
14130,25_0_3_20170117141539041.jpg.chip.jpg,25.0,0.0,3.0
22566,23_1_0_20170116221829961.jpg.chip.jpg,23.0,1.0,0.0
13180,3_0_3_20161219230155056.jpg.chip.jpg,3.0,0.0,3.0
2569,47_0_0_20170104211830788.jpg.chip.jpg,47.0,0.0,0.0
19011,5_1_0_20170109193702627.jpg.chip.jpg,5.0,1.0,0.0
5470,26_0_1_20170113134802314.jpg.chip.jpg,26.0,0.0,1.0
20605,31_0_0_20170113142314661.jpg.chip.jpg,31.0,0.0,0.0
13618,38_0_3_20170119202601638.jpg.chip.jpg,38.0,0.0,3.0
23696,17_1_1_20170112230710598.jpg.chip.jpg,17.0,1.0,1.0
8674,44_0_1_20170113154757026.jpg.chip.jpg,44.0,0.0,1.0
4562,27_0_1_20170117010459432.jpg.chip.jpg,27.0,0.0,1.0
20160,2_0_2_20161219202644971.jpg.chip.jpg,2.0,0.0,2.0
20490,17_1_3_20170104222038870.jpg.chip.jpg,17.0,1.0,3.0
5669,89_1_2_20170112224524948.jpg.chip.jpg,89.0,1.0,2.0
2825,14_1_4_20170109205457235.jpg.chip.jpg,14.0,1.0,4.0
11390,96_1_0_20170110172637082.jpg.chip.jpg,96.0,1.0,0.0
15577,30_0_2_20170116193441821.jpg.chip.jpg,30.0,0.0,2.0
3155,26_0_3_20170119191924624.jpg.chip.jpg,26.0,0.0,3.0
2373,27_0_0_20170116204347283.jpg.chip.jpg,27.0,0.0,0.0
11569,4_0_2_20170110212945664.jpg.chip.jpg,4.0,0.0,2.0
9574,26_1_3_20170119193110266.jpg.chip.jpg,26.0,1.0,3.0
16166,24_1_3_20170119165459567.jpg.chip.jpg,24.0,1.0,3.0
6522,24_1_2_20170116171024225.jpg.chip.jpg,24.0,1.0,2.0
4127,36_0_3_20170119202127415.jpg.chip.jpg,36.0,0.0,3.0
4277,28_0_0_20170117121808358.jpg.chip.jpg,28.0,0.0,0.0
19516,86_1_0_20170110183609068.jpg.chip.jpg,86.0,1.0,0.0
21371,5_0_1_20170110213713440.jpg.chip.jpg,5.0,0.0,1.0
16911,35_1_0_20170117180008549.jpg.chip.jpg,35.0,1.0,0.0
6281,57_0_0_20170105173458901.jpg.chip.jpg,57.0,0.0,0.0
12509,30_1_1_20170113002921717.jpg.chip.jpg,30.0,1.0,1.0
15387,37_0_3_20170119194717603.jpg.chip.jpg,37.0,0.0,3.0
2441,2_1_1_20161219155833405.jpg.chip.jpg,2.0,1.0,1.0
13151,52_0_3_20170119205713544.jpg.chip.jpg,52.0,0.0,3.0
10667,86_0_0_20170111210757200.jpg.chip.jpg,86.0,0.0,0.0
2089,24_1_3_20170117164656711.jpg.chip.jpg,24.0,1.0,3.0
2140,23_1_1_20170103223013127.jpg.chip.jpg,23.0,1.0,1.0
14122,28_1_2_20170116192600926.jpg.chip.jpg,28.0,1.0,2.0
10413,29_1_1_20170116231359922.jpg.chip.jpg,29.0,1.0,1.0
10696,40_1_1_20170113001356402.jpg.chip.jpg,40.0,1.0,1.0
7733,24_1_0_20170116214212261.jpg.chip.jpg,24.0,1.0,0.0
19228,24_0_4_20170117194540395.jpg.chip.jpg,24.0,0.0,4.0
11862,30_0_0_20170117120709730.jpg.chip.jpg,30.0,0.0,0.0
20609,32_1_1_20170113001556123.jpg.chip.jpg,32.0,1.0,1.0
16460,23_1_0_20170112234128328.jpg.chip.jpg,23.0,1.0,0.0
16847,9_0_0_20170110225608402.jpg.chip.jpg,9.0,0.0,0.0
6202,61_1_0_20170104183517277.jpg.chip.jpg,61.0,1.0,0.0
22688,67_0_0_20170104213337429.jpg.chip.jpg,67.0,0.0,0.0
482,5_1_2_20161219192202650.jpg.chip.jpg,5.0,1.0,2.0
9201,2_0_0_20170109191008066.jpg.chip.jpg,2.0,0.0,0.0
65,43_0_2_20170112220312529.jpg.chip.jpg,43.0,0.0,2.0
20196,24_1_2_20170116174646221.jpg.chip.jpg,24.0,1.0,2.0
8890,32_0_0_20170116210057148.jpg.chip.jpg,32.0,0.0,0.0
8643,24_0_0_20170113210126406.jpg.chip.jpg,24.0,0.0,0.0
22647,27_1_2_20170116184848621.jpg.chip.jpg,27.0,1.0,2.0
9627,82_0_0_20170111210604164.jpg.chip.jpg,82.0,0.0,0.0
20082,23_1_2_20170116173201790.jpg.chip.jpg,23.0,1.0,2.0
12051,7_1_4_20161223225914300.jpg.chip.jpg,7.0,1.0,4.0
198,41_1_3_20170104214413309.jpg.chip.jpg,41.0,1.0,3.0
22814,5_0_0_20170110212757355.jpg.chip.jpg,5.0,0.0,0.0
15957,46_0_1_20170111200735373.jpg.chip.jpg,46.0,0.0,1.0
16457,82_0_0_20170111222354407.jpg.chip.jpg,82.0,0.0,0.0
12536,34_1_0_20170109004742195.jpg.chip.jpg,34.0,1.0,0.0
22672,54_0_0_20170111195806193.jpg.chip.jpg,54.0,0.0,0.0
15802,25_0_0_20170117151532082.jpg.chip.jpg,25.0,0.0,0.0
21582,25_0_1_20170113145422493.jpg.chip.jpg,25.0,0.0,1.0
11494,31_1_1_20170114031659379.jpg.chip.jpg,31.0,1.0,1.0
4380,8_1_2_20170109204518758.jpg.chip.jpg,8.0,1.0,2.0
1976,15_0_0_20170110232610061.jpg.chip.jpg,15.0,0.0,0.0
22454,48_1_0_20170109142311780.jpg.chip.jpg,48.0,1.0,0.0
9283,1_1_0_20170109191415528.jpg.chip.jpg,1.0,1.0,0.0
9362,26_1_1_20170116233641024.jpg.chip.jpg,26.0,1.0,1.0
20201,1_0_0_20170110212658392.jpg.chip.jpg,1.0,0.0,0.0
10029,20_0_4_20170117193454180.jpg.chip.jpg,20.0,0.0,4.0
19546,34_1_1_20170116172030437.jpg.chip.jpg,34.0,1.0,1.0
2992,26_1_1_20170116160509916.jpg.chip.jpg,26.0,1.0,1.0
19135,25_1_0_20170116205342932.jpg.chip.jpg,25.0,1.0,0.0
3146,32_1_4_20170105162431387.jpg.chip.jpg,32.0,1.0,4.0
2566,40_1_0_20170104192805191.jpg.chip.jpg,40.0,1.0,0.0
17482,28_1_1_20170116170856613.jpg.chip.jpg,28.0,1.0,1.0
12088,1_1_3_20161219225015272.jpg.chip.jpg,1.0,1.0,3.0
7511,30_1_2_20170105162719051.jpg.chip.jpg,30.0,1.0,2.0
6827,10_1_3_20170104221711437.jpg.chip.jpg,10.0,1.0,3.0
11525,1_0_0_20161219140623097.jpg.chip.jpg,1.0,0.0,0.0
17290,4_1_4_20161223231735684.jpg.chip.jpg,4.0,1.0,4.0
2809,25_0_1_20170113151735327.jpg.chip.jpg,25.0,0.0,1.0
4306,35_0_1_20170117135003701.jpg.chip.jpg,35.0,0.0,1.0
18034,1_0_2_20161219203256078.jpg.chip.jpg,1.0,0.0,2.0
8942,21_1_3_20170104231613281.jpg.chip.jpg,21.0,1.0,3.0
9833,25_1_0_20170117195311260.jpg.chip.jpg,25.0,1.0,0.0
8762,5_0_0_20170110213200213.jpg.chip.jpg,5.0,0.0,0.0
18632,26_1_2_20170116184155381.jpg.chip.jpg,26.0,1.0,2.0
4005,16_0_0_20170110231627902.jpg.chip.jpg,16.0,0.0,0.0
7084,35_0_0_20170117153823071.jpg.chip.jpg,35.0,0.0,0.0
9510,60_1_0_20170113005301686.jpg.chip.jpg,60.0,1.0,0.0
2220,26_1_1_20170112235543761.jpg.chip.jpg,26.0,1.0,1.0
2561,1_1_0_20170109190938491.jpg.chip.jpg,1.0,1.0,0.0
2363,39_0_1_20170116193754803.jpg.chip.jpg,39.0,0.0,1.0
4057,22_1_0_20170110173815028.jpg.chip.jpg,22.0,1.0,0.0
4209,29_1_0_20170103181510040.jpg.chip.jpg,29.0,1.0,0.0
22836,25_1_0_20170104234942017.jpg.chip.jpg,25.0,1.0,0.0
18123,30_0_0_20170117181257163.jpg.chip.jpg,30.0,0.0,0.0
6732,80_0_0_20170117174755679.jpg.chip.jpg,80.0,0.0,0.0
8333,37_1_0_20170117160423705.jpg.chip.jpg,37.0,1.0,0.0
11937,6_1_3_20161220223142531.jpg.chip.jpg,6.0,1.0,3.0
541,26_1_4_20170117201454965.jpg.chip.jpg,26.0,1.0,4.0
3152,20_1_0_20170116211743925.jpg.chip.jpg,20.0,1.0,0.0
2163,37_0_0_20170104205214549.jpg.chip.jpg,37.0,0.0,0.0
22815,40_0_0_20170117170900892.jpg.chip.jpg,40.0,0.0,0.0
1996,26_0_0_20170116204100913.jpg.chip.jpg,26.0,0.0,0.0
5951,1_1_4_20170103204831032.jpg.chip.jpg,1.0,1.0,4.0
1253,60_0_1_20170119204250215.jpg.chip.jpg,60.0,0.0,1.0
3004,21_1_0_20170116205856338.jpg.chip.jpg,21.0,1.0,0.0
2024,27_0_4_20170117150054594.jpg.chip.jpg,27.0,0.0,4.0
2298,34_0_3_20170119151259742.jpg.chip.jpg,34.0,0.0,3.0
12744,71_0_0_20170120225501322.jpg.chip.jpg,71.0,0.0,0.0
2063,47_0_3_20170119184351798.jpg.chip.jpg,47.0,0.0,3.0
9864,52_1_0_20170110153711933.jpg.chip.jpg,52.0,1.0,0.0
2170,30_0_3_20170117120456566.jpg.chip.jpg,30.0,0.0,3.0
262,17_0_1_20170113132534529.jpg.chip.jpg,17.0,0.0,1.0
3619,27_1_1_20170117120629605.jpg.chip.jpg,27.0,1.0,1.0
20845,16_1_0_20170104012333393.jpg.chip.jpg,16.0,1.0,0.0
19416,58_0_0_20170111171747508.jpg.chip.jpg,58.0,0.0,0.0
2771,56_1_0_20170117172351482.jpg.chip.jpg,56.0,1.0,0.0
16975,31_0_3_20170104232701442.jpg.chip.jpg,31.0,0.0,3.0
8649,40_0_3_20170119204129150.jpg.chip.jpg,40.0,0.0,3.0
1559,37_1_0_20170103183016626.jpg.chip.jpg,37.0,1.0,0.0
16591,30_1_1_20170115235628191.jpg.chip.jpg,30.0,1.0,1.0
4390,75_0_0_20170113185416591.jpg.chip.jpg,75.0,0.0,0.0
9292,10_1_0_20170109201728056.jpg.chip.jpg,10.0,1.0,0.0
12498,65_0_0_20170117153706996.jpg.chip.jpg,65.0,0.0,0.0
6092,16_0_0_20170110232307970.jpg.chip.jpg,16.0,0.0,0.0
9388,20_1_0_20170116205807966.jpg.chip.jpg,20.0,1.0,0.0
13713,80_1_0_20170110141320400.jpg.chip.jpg,80.0,1.0,0.0
22568,29_1_1_20170113012341792.jpg.chip.jpg,29.0,1.0,1.0
2487,72_0_2_20170112224532491.jpg.chip.jpg,72.0,0.0,2.0
21415,63_0_0_20170113173302611.jpg.chip.jpg,63.0,0.0,0.0
12059,26_0_0_20170117172433732.jpg.chip.jpg,26.0,0.0,0.0
23271,28_0_2_20170116190048260.jpg.chip.jpg,28.0,0.0,2.0
13932,26_0_0_20170105164133579.jpg.chip.jpg,26.0,0.0,0.0
9994,16_1_1_20170117194816437.jpg.chip.jpg,16.0,1.0,1.0
21992,66_0_0_20170111203309589.jpg.chip.jpg,66.0,0.0,0.0
22934,26_0_2_20170116180716055.jpg.chip.jpg,26.0,0.0,2.0
6381,26_1_4_20170103225002166.jpg.chip.jpg,26.0,1.0,4.0
18328,26_0_0_20170113210127258.jpg.chip.jpg,26.0,0.0,0.0
9807,3_0_0_20170114033153529.jpg.chip.jpg,3.0,0.0,0.0
9033,32_1_2_20170109135928794.jpg.chip.jpg,32.0,1.0,2.0
14336,4_0_0_20170104010859393.jpg.chip.jpg,4.0,0.0,0.0
15764,30_0_0_20170119195539771.jpg.chip.jpg,30.0,0.0,0.0
22322,29_1_1_20170115235359510.jpg.chip.jpg,29.0,1.0,1.0
1491,50_0_0_20170117185149577.jpg.chip.jpg,50.0,0.0,0.0
783,1_1_0_20170109193014933.jpg.chip.jpg,1.0,1.0,0.0
15713,14_1_4_20170103233153851.jpg.chip.jpg,14.0,1.0,4.0
19686,21_1_1_20170112193104310.jpg.chip.jpg,21.0,1.0,1.0
13083,1_0_4_20161221195316815.jpg.chip.jpg,1.0,0.0,4.0
5429,30_0_0_20170117130615780.jpg.chip.jpg,30.0,0.0,0.0
5521,26_0_2_20170116181409076.jpg.chip.jpg,26.0,0.0,2.0
7510,56_0_1_20170111211502304.jpg.chip.jpg,56.0,0.0,1.0
1536,28_0_3_20170119194935202.jpg.chip.jpg,28.0,0.0,3.0
3348,27_1_0_20170116220503099.jpg.chip.jpg,27.0,1.0,0.0
6164,37_1_0_20170103182952754.jpg.chip.jpg,37.0,1.0,0.0
3204,40_0_0_20170117135450087.jpg.chip.jpg,40.0,0.0,0.0
16918,51_1_2_20170109131917693.jpg.chip.jpg,51.0,1.0,2.0
14539,26_1_2_20170116184827669.jpg.chip.jpg,26.0,1.0,2.0
10993,38_1_1_20170112205041100.jpg.chip.jpg,38.0,1.0,1.0
17818,41_0_1_20170117140422547.jpg.chip.jpg,41.0,0.0,1.0
2427,40_1_0_20170117182524092.jpg.chip.jpg,40.0,1.0,0.0
